Program Time [s],data 0
208942,252
208946,252
208.95,252
208954,252
208958,252
208962,252
208966,252
208.97,252
208974,250
208978,252
208982,570
208986,252
208.99,252
208994,252
208998,252
209002,252
209006,256
209.01,250
209013,252
209017,252
209021,252
209025,252
209029,252
209033,256
209037,256
209041,252
209045,252
209049,256
209052,252
209056,252
209.06,256
209064,252
209068,252
209072,252
209076,256
209.08,252
209084,252
209088,252
209092,252
209096,252
209.1,250
209104,252
209107,252
209112,252
209115,256
209119,256
209123,252
209127,250
209131,252
209135,252
209139,250
209143,252
209147,256
209151,256
209155,250
209158,256
209162,252
209166,256
209.17,252
209174,252
209179,256
209183,252
209186,580
209.19,256
209194,252
209198,256
209202,250
209206,252
209211,252
209214,252
209218,252
209222,252
209226,256
209.23,250
209234,252
209238,252
209242,252
209246,252
209.25,252
209254,252
209257,256
209261,252
209265,252
209269,256
209273,252
209277,252
209281,252
209285,252
209289,252
209293,252
209297,256
209301,252
209305,252
209309,252
209313,252
209316,252
209.32,258
209324,252
209328,252
209332,252
209336,252
209.34,256
209344,252
209348,252
209352,258
209356,252
209359,252
209363,252
209367,256
209371,256
209375,252
209379,252
209383,252
209387,252
209391,574
209395,256
209399,252
209403,252
209407,252
209411,256
209414,252
209418,252
209422,252
209426,252
209.43,252
209434,250
209438,256
209442,252
209446,252
209.45,252
209454,256
209457,252
209461,252
209465,252
209469,256
209473,252
209477,252
209481,256
209485,252
209489,252
209493,252
209497,252
209501,252
209505,258
209509,256
209512,256
209516,252
209.52,252
209524,252
209528,252
209532,256
209536,252
209.54,256
209544,252
209548,252
209552,324
209555,322
209559,318
209563,810
209567,646
209572,574
209576,574
209.58,574
209584,584
209588,580
209592,576
209596,574
209599,590
209604,580
209608,576
209611,576
209615,576
209619,590
209623,252
209627,252
209631,252
209635,256
209639,252
209643,252
209647,252
209651,252
209655,252
209659,256
209662,252
209666,256
209.67,252
209674,252
209678,256
209682,252
209686,252
209.69,258
209694,252
209698,252
209702,252
209706,256
209.71,256
209714,252
209717,252
209721,252
209725,252
209729,252
209733,250
209737,252
209741,252
209745,252
209749,252
209753,256
209757,252
209761,252
209765,256
209769,252
209773,256
209777,252
209781,252
209785,256
209789,256
209792,252
209796,252
209.8,576
209804,602
209808,574
209812,574
209816,576
209.82,576
209824,574
209828,580
209832,576
209836,576
209.84,574
209844,576
209848,576
209852,576
209856,612
209.86,576
209864,256
209867,252
209871,256
209875,256
209879,252
209883,256
209887,252
209891,252
209895,256
209899,252
209903,252
209907,252
209911,252
209915,252
209919,252
209923,256
209927,256
209931,252
209935,252
209938,252
209942,252
209946,252
209.95,252
209954,256
209958,252
209962,252
209967,250
209.97,256
209974,252
209978,252
209983,252
209987,252
209991,252
209995,250
209999,252
210003,252
210007,586
210.01,566
210014,256
210018,252
210022,256
210026,252
210.03,256
210034,256
210038,252
210042,252
210046,252
210.05,252
210054,252
210058,304
210061,256
210065,252
210069,252
210073,256
210077,252
210081,252
210085,252
210089,252
210093,252
210097,252
210101,256
210105,256
210109,252
210113,250
210116,256
210.12,252
210124,250
210128,252
210133,252
210136,252
210.14,252
210144,256
210148,252
210152,252
210156,252
210.16,252
210164,252
210167,250
210171,256
210175,252
210179,252
210183,256
210187,252
210191,252
210195,256
210199,252
210203,252
210207,252
210211,570
210215,250
210219,252
210223,256
210226,250
210.23,250
210234,252
210238,252
210242,256
210246,252
210.25,252
210254,252
210258,256
210262,252
210266,252
210.27,256
210274,252
210278,252
210282,256
210286,256
210.29,256
210294,252
210298,252
210302,256
210306,252
210309,256
210313,252
210317,252
210321,252
210325,256
210329,252
210333,262
210337,252
210341,252
210345,252
210349,256
210353,258
210357,252
210361,252
210365,252
210369,256
210373,252
210377,256
210381,252
210385,252
210389,252
210393,252
210397,252
210401,252
210405,252
210409,252
210413,576
210417,570
210421,252
210425,266
210429,252
210433,252
210437,256
210441,252
210445,258
210448,252
210452,252
210456,256
210.46,252
210464,256
210468,252
210472,252
210476,252
210.48,256
210484,256
210488,252
210492,252
210496,256
210.5,252
210503,252
210507,252
210511,252
210515,256
210519,252
210523,252
210527,252
210531,252
210535,252
210539,252
210543,256
210547,252
210551,252
210555,252
210559,252
210563,258
210567,252
210571,252
210575,256
210579,252
210583,252
210587,252
210591,252
210595,252
210599,252
210603,256
210607,252
210611,252
210615,252
210619,576
210623,394
210627,252
210631,252
210635,256
210639,252
210642,252
210646,252
210.65,256
210654,252
210658,252
210662,252
210666,252
210.67,252
210674,256
210678,252
210682,252
210687,252
210691,252
210695,252
210698,256
210702,252
210706,252
210.71,250
210714,250
210719,252
210722,256
210727,252
210731,252
210734,252
210738,252
210742,252
210746,252
210.75,252
210754,252
210758,250
210762,252
210766,256
210.77,252
210774,252
210778,250
210782,252
210786,252
210.79,252
210794,256
210798,252
210802,252
210806,252
210.81,256
210814,252
210818,252
210822,252
210826,576
210.83,252
210834,256
210837,252
210842,256
210846,252
210.85,252
210854,252
210857,256
210862,252
210865,252
210869,252
210874,252
210878,250
210882,252
210886,256
210.89,252
210894,256
210898,252
210901,252
210905,252
210909,252
210913,252
210917,252
210921,252
210925,252
210929,256
210933,252
210937,252
210941,252
210945,252
210949,252
210953,252
210957,256
210961,250
210965,252
210968,252
210972,252
210976,252
210.98,252
210984,252
210988,252
210992,252
210996,258
211,250
211004,256
211008,252
211012,252
211016,256
211.02,252
211024,252
211028,576
211032,302
211036,256
211.04,252
211044,252
211048,252
211052,252
211056,252
211.06,294
211064,252
211068,256
211072,252
211076,256
211.08,252
211083,252
211087,252
211091,252
211095,252
211099,256
211103,256
211107,252
211111,252
211115,252
211119,252
211123,252
211127,252
211131,252
211135,252
211139,252
211142,256
211146,256
211151,256
211155,252
211159,252
211163,256
211167,252
211171,256
211175,252
211178,252
211182,252
211186,252
211.19,252
211194,252
211198,252
211202,252
211206,252
211.21,256
211214,256
211218,250
211222,256
211226,252
211.23,252
211234,574
211237,256
211241,256
211245,252
211249,252
211253,256
211257,252
211261,252
211265,252
211269,252
211273,252
211277,250
211281,256
211285,258
211288,252
211292,252
211296,252
211.3,252
211305,252
211309,256
211312,252
211316,252
211.32,252
211324,252
211328,252
211332,252
211336,252
211.34,252
211344,250
211348,256
211352,256
211356,256
211.36,252
211364,252
211368,250
211372,256
211376,252
211.38,252
211384,252
211388,252
211392,262
211395,252
211399,252
211403,256
211407,250
211411,252
211415,252
211419,256
211423,252
211427,252
211431,256
211435,256
211438,574
211442,252
211446,252
211.45,252
211454,252
211459,256
211463,252
211466,252
211471,252
211475,252
211479,252
211482,252
211486,256
211.49,256
211494,252
211498,252
211502,256
211506,252
211.51,252
211514,252
211518,252
211522,252
211526,252
211529,298
211533,318
211537,322
211541,328
211545,812
211549,576
211553,574
211557,576
211561,576
211565,574
211569,580
211573,576
211577,600
211581,574
211585,580
211588,576
211592,574
211596,874
211.6,576
211604,252
211608,252
211613,252
211616,252
211.62,252
211624,252
211628,256
211632,252
211636,256
211.64,252
211644,580
211648,652
211652,576
211656,576
211.66,574
211664,576
211668,574
211672,576
211676,580
211.68,576
211684,576
211688,576
211692,580
211696,574
211699,576
211703,576
211707,252
211711,252
211715,258
211719,256
211723,252
211727,252
211731,252
211735,252
211739,252
211743,252
211747,256
211751,250
211755,252
211758,252
211762,252
211767,252
211771,252
211775,252
211779,252
211783,252
211787,256
211.79,252
211794,252
211799,252
211803,252
211807,252
211811,256
211815,256
211819,252
211822,256
211826,256
211.83,252
211834,252
211838,252
211842,256
211846,580
211.85,580
211854,256
211858,252
211862,252
211866,256
211.87,252
211874,252
211877,252
211881,256
211885,256
211889,252
211893,256
211897,258
211901,266
211905,252
211909,252
211913,252
211917,252
211921,252
211925,256
211928,252
211932,252
211936,252
211.94,256
211944,252
211948,252
211952,252
211956,256
211.96,252
211964,256
211968,252
211972,252
211976,252
211.98,252
211983,252
211987,252
211991,252
211995,256
211999,252
212003,252
212007,252
212011,256
212015,252
212019,252
212023,256
212027,256
212031,252
212034,256
212038,252
212042,250
212046,252
212.05,256
212054,566
212058,252
212062,340
212066,252
212.07,252
212074,252
212078,252
212082,256
212086,252
212.09,252
212094,256
212097,256
212101,252
212105,252
212109,256
212113,252
212117,252
212121,252
212125,252
212129,256
212133,252
212137,256
212141,252
212145,256
212149,252
212153,252
212157,252
212161,256
212165,252
212169,252
212173,252
212177,252
212181,252
212185,252
212188,252
212193,252
212197,252
212201,252
212205,252
212209,252
212213,252
212217,252
212.22,256
212225,256
212229,256
212233,252
212237,252
212.24,252
212244,252
212248,256
212252,252
212256,576
212.26,564
212264,252
212268,252
212272,252
212276,252
212.28,252
212284,252
212288,252
212291,256
212295,252
212299,256
212303,256
212307,252
212311,256
212315,252
212319,252
212323,252
212327,252
212331,256
212335,252
212338,252
212342,256
212346,250
212.35,252
212354,256
212358,266
212362,250
212366,252
212.37,256
212374,256
212378,250
212382,252
212386,256
212.39,252
212394,256
212398,256
212402,258
212406,252
212.41,252
212413,252
212417,252
212421,252
212425,250
212429,256
212433,252
212437,252
212441,256
212445,256
212449,252
212453,252
212456,252
212.46,250
212464,576
212468,256
212472,256
212476,252
212.48,252
212484,252
212488,252
212492,252
212496,252
212.5,252
212504,252
212507,252
212512,256
212515,252
212519,256
212523,252
212527,252
212531,252
212535,252
212539,252
212543,266
212547,252
212551,252
212555,252
212559,252
212563,252
212567,256
212571,256
212575,252
212579,252
212583,252
212587,252
212591,252
212595,256
212599,256
212603,252
212607,252
212611,252
212615,252
212618,252
212622,252
212626,252
212631,250
212635,262
212639,256
212643,252
212646,250
212.65,252
212654,252
212658,252
212662,256
212666,586
212.67,570
212674,256
212678,252
212682,252
212686,252
212.69,252
212694,252
212698,252
212701,252
212705,256
212709,252
212713,252
212717,256
212721,256
212725,252
212729,252
212733,252
212737,252
212.74,252
212744,256
212749,252
212753,252
212757,252
212761,252
212765,252
212769,252
212773,256
212776,256
212.78,252
212784,252
212788,256
212792,252
212796,250
212.8,252
212804,256
212808,256
212812,252
212816,250
212.82,252
212824,252
212828,252
212832,252
212836,256
212.84,252
212844,256
212847,252
212851,256
212855,258
212859,252
212863,252
212867,252
212871,576
212875,566
212879,250
212883,252
212887,256
212891,256
212895,256
212899,252
212903,252
212907,252
212911,256
212915,252
212919,252
212923,252
212926,256
212931,252
212934,252
212938,252
212942,256
212946,252
212951,256
212955,250
212958,252
212963,252
212967,252
212.97,252
212974,252
212978,256
212982,252
212986,250
212.99,252
212994,252
212998,252
213002,252
213006,252
213.01,250
213013,252
213017,252
213021,250
213025,252
213029,252
213033,252
213037,252
213041,252
213045,252
213049,256
213053,256
213057,256
213061,252
213065,344
213068,256
213073,252
213076,574
213.08,304
213084,252
213088,250
213092,252
213096,256
213.1,252
213104,256
213108,252
213112,252
213116,252
213119,256
213124,256
213128,252
213132,250
213136,252
213.14,252
213144,252
213148,256
213152,252
213155,252
213159,252
213163,252
213167,252
213171,252
213175,252
213179,252
213183,252
213187,256
213191,252
213195,252
213199,252
213203,252
213207,250
213211,252
213215,256
213218,252
213222,252
213226,256
213.23,258
213234,252
213239,252
213243,252
213247,256
213251,252
213255,256
213259,252
213263,252
213266,250
213.27,252
213274,252
213278,258
213282,574
213286,256
213.29,252
213294,250
213298,256
213302,252
213306,252
213.31,256
213314,252
213317,252
213321,252
213325,256
213329,252
213333,252
213337,252
213341,252
213345,252
213349,252
213353,256
213357,252
213361,252
213365,252
213369,252
213373,252
213377,256
213381,252
213385,252
213389,252
213393,256
213397,252
213401,252
213405,252
213409,252
213413,252
213417,258
213421,252
213425,252
213429,252
213432,252
213436,252
213.44,252
213444,256
213448,252
213452,252
213456,256
213.46,252
213464,256
213468,252
213472,252
213476,252
213.48,252
213484,250
213487,574
213491,256
213495,250
213499,252
213503,252
213507,252
213511,322
213515,322
213519,324
213523,646
213527,576
213531,576
213535,576
213539,576
213543,576
213547,574
213551,576
213555,602
213559,580
213563,576
213567,574
213571,574
213575,580
213579,256
213583,252
213587,256
213.59,252
213594,252
213598,252
213602,252
213606,256
213.61,252
213614,256
213618,252
213622,252
213626,252
213.63,252
213634,252
213638,256
213642,252
213645,252
213.65,256
213653,256
213657,256
213661,252
213665,252
213.67,252
213674,252
213678,252
213682,256
213686,256
213.69,540
213694,576
213698,580
213702,576
213705,576
213709,574
213714,574
213718,576
213722,574
213726,576
213.73,576
213734,576
213737,580
213741,576
213745,576
213749,576
213753,256
213757,252
213761,252
213765,252
213769,252
213773,252
213776,252
213781,256
213784,256
213788,256
213792,256
213796,252
213.8,252
213804,252
213808,252
213812,252
213816,252
213.82,256
213824,256
213828,252
213832,252
213836,252
213.84,252
213844,252
213848,256
213852,256
213856,252
213.86,252
213864,256
213868,252
213872,250
213876,256
213.88,250
213884,252
213887,252
213891,252
213895,574
213899,566
213903,256
213907,252
213911,252
213915,256
213919,258
213923,256
213927,256
213931,256
213935,256
213939,256
213943,256
213947,256
213951,252
213955,252
213959,250
213962,252
213966,252
213.97,252
213974,256
213979,252
213983,252
213987,252
213991,252
213995,252
213999,256
214003,252
214007,252
214011,252
214015,252
214019,252
214023,252
214027,256
214031,252
214035,252
214038,252
214042,252
214046,252
214.05,252
214054,256
214058,256
214062,252
214066,302
214.07,252
214074,252
214078,256
214082,252
214086,258
214.09,252
214094,256
214098,252
214101,570
214105,272
214109,252
214113,252
214117,252
214121,252
214125,256
214129,256
214133,252
214137,252
214141,252
214145,252
214149,252
214153,258
214157,252
214161,252
214165,256
214169,252
214173,252
214177,250
214181,252
214185,252
214189,250
214193,256
214197,252
214201,256
214205,252
214208,252
214212,252
214216,252
214.22,256
214224,252
214228,252
214232,256
214236,256
214.24,250
214244,252
214248,252
214251,256
214255,252
214259,252
214263,252
214267,256
214271,252
214275,252
214279,256
214283,252
214287,252
214291,258
214295,252
214299,252
214303,252
214307,566
214311,252
214315,252
214319,256
214323,252
214327,252
214331,256
214335,256
214339,250
214343,252
214347,256
214.35,256
214354,252
214358,256
214362,256
214366,252
214.37,252
214374,252
214378,252
214382,252
214386,256
214.39,252
214394,252
214398,252
214401,252
214405,252
214409,252
214414,252
214417,252
214421,252
214425,252
214429,258
214433,256
214437,252
214441,252
214445,252
214449,252
214453,250
214457,256
214461,252
214465,252
214469,252
214473,252
214477,252
214481,252
214485,256
214489,252
214493,250
214497,252
214501,256
214505,252
214508,558
214512,566
214517,252
214521,250
214525,256
214528,256
214532,252
214536,252
214.54,252
214544,250
214548,252
214552,252
214556,252
214.56,252
214564,256
214567,262
214572,252
214575,252
214579,252
214583,252
214587,252
214591,252
214596,252
214.6,252
214604,252
214607,252
214612,252
214615,252
214619,252
214624,256
214628,252
214632,256
214636,252
214.64,252
214644,256
214648,252
214651,252
214655,256
214659,262
214663,252
214667,252
214671,252
214675,256
214679,252
214683,252
214687,252
214691,252
214695,252
214698,252
214702,256
214706,252
214.71,252
214714,574
214718,566
214722,252
214726,256
214.73,256
214734,256
214738,252
214742,252
214746,252
214.75,252
214754,256
214758,256
214762,252
214765,256
214769,252
214774,252
214778,252
214782,258
214786,252
214.79,252
214794,252
214798,252
214802,252
214806,256
214.81,252
214814,252
214818,252
214822,252
214826,256
214.83,252
214834,252
214837,250
214841,252
214845,252
214849,252
214853,256
214857,256
214861,256
214865,252
214869,252
214873,252
214877,252
214881,256
214885,252
214889,256
214893,256
214897,256
214901,252
214905,252
214908,252
214913,252
214917,256
214921,574
214924,256
214929,252
214932,256
214936,252
214.94,256
214944,252
214948,252
214952,256
214956,252
214.96,252
214964,252
214968,252
214972,252
214975,252
214979,256
214983,256
214987,250
214991,256
214995,256
214999,252
215003,252
215007,252
215011,252
215015,250
215019,252
215023,256
215027,252
215031,252
215035,250
215038,252
215042,256
215046,252
215.05,252
215054,252
215058,252
215062,256
215066,256
215.07,252
215074,252
215078,252
215081,252
215085,252
215089,252
215093,252
215097,252
215101,252
215105,278
215109,252
215113,250
215117,252
215121,252
215125,574
215129,252
215133,256
215137,256
215141,252
215145,252
215149,252
215153,250
215157,252
215161,256
215165,256
215168,252
215172,252
215177,256
215181,256
215185,252
215189,256
215193,252
215197,256
215.2,256
215204,252
215208,256
215212,252
215216,252
215.22,252
215224,252
215228,256
215232,252
215236,252
215.24,256
215244,256
215247,252
215251,252
215255,252
215259,252
215263,252
215267,252
215271,256
215275,252
215279,252
215283,252
215287,252
215291,252
215295,252
215299,258
215302,256
215306,252
215.31,252
215314,252
215318,252
215322,252
215326,252
215.33,576
215334,252
215338,252
215342,252
215346,258
215349,258
215353,252
215357,252
215361,252
215365,252
215369,252
215373,256
215377,252
215381,252
215385,252
215389,252
215393,252
215397,252
215401,252
215404,252
215408,252
215412,252
215416,252
215.42,252
215424,252
215428,256
215432,250
215436,252
215.44,252
215444,252
215448,252
215451,252
215455,252
215459,256
215463,252
215467,252
215471,256
215475,252
215479,256
215483,252
215487,252
215491,322
215495,322
215499,324
215502,646
215506,574
215.51,574
215514,576
215518,574
215522,580
215526,580
215.53,576
215534,576
215538,574
215542,574
215546,574
215.55,574
215554,576
215558,256
215562,258
215566,252
215.57,252
215574,252
215578,252
215582,252
215586,256
215.59,252
215594,252
215598,252
215602,256
215605,266
215609,256
215613,252
215617,252
215621,252
215625,252
215629,252
215633,252
215637,252
215641,256
215645,252
215649,252
215653,252
215657,252
215661,252
215664,256
215668,256
215672,256
215676,252
215.68,252
215684,252
215688,252
215692,252
215696,252
215.7,256
215704,252
215707,252
215711,252
215715,252
215719,252
215724,256
215727,252
215731,252
215735,252
215739,576
215743,600
215747,576
215751,574
215755,580
215759,576
215763,594
215767,586
215771,576
215775,576
215779,576
215783,580
215787,576
215.79,576
215794,576
215799,580
215803,252
215807,252
215.81,252
215814,252
215818,252
215822,252
215826,252
215.83,252
215834,252
215838,252
215842,252
215846,252
215.85,256
215854,252
215857,252
215862,252
215865,252
215869,252
215874,256
215878,256
215881,252
215885,256
215889,256
215893,256
215897,252
215901,252
215905,256
215909,250
215913,252
215917,252
215921,256
215925,252
215929,252
215933,256
215937,252
215941,252
215945,574
215949,566
215953,252
215957,252
215961,252
215965,252
215968,252
215972,252
215976,256
215.98,256
215984,252
215988,252
215992,252
215996,252
216,252
216004,252
216008,252
216012,252
216016,256
216.02,256
216023,256
216027,252
216031,252
216035,256
216039,252
216043,256
216047,256
216051,252
216055,252
216059,252
216063,252
216067,252
216071,340
216074,580
216078,576
216082,576
216086,576
216.09,574
216094,576
216098,576
216102,580
216106,576
216.11,580
216114,576
216118,576
216122,574
216126,574
216.13,252
216134,256
216137,252
216142,252
216146,252
216149,574
216153,256
216157,252
216161,252
216165,252
216169,252
216173,252
216177,252
216181,252
216185,252
216189,252
216193,252
216197,252
216201,252
216204,252
216208,252
216213,252
216216,252
216221,256
216225,262
216229,252
216232,252
216236,252
216.24,252
216244,252
216249,256
216253,252
216257,250
216261,256
216264,252
216268,252
216272,252
216276,252
216.28,252
216284,256
216288,252
216292,256
216296,256
216.3,256
216304,252
216308,252
216312,256
216316,262
216.32,252
216324,252
216328,256
216332,252
216336,252
216.34,252
216344,252
216348,252
216352,492
216356,566
216.36,668
216364,574
216368,576
216372,576
216376,576
216.38,574
216384,576
216387,576
216392,576
216396,580
216399,576
216403,576
216407,574
216411,574
216415,576
216419,252
216423,256
216427,252
216431,252
216435,252
216439,256
216443,256
216447,252
216.45,256
216454,268
216458,256
216462,252
216466,256
216.47,252
216474,252
216478,256
216482,252
216486,252
216.49,252
216493,252
216498,256
216502,252
216506,252
216.51,252
216514,252
216518,250
216522,252
216526,252
216.53,252
216534,256
216538,252
216542,250
216546,252
216549,252
216553,252
216557,574
216561,576
216565,256
216569,252
216573,256
216577,256
216581,252
216585,252
216589,252
216593,266
216597,252
216.6,252
216604,256
216608,576
216612,576
216616,576
216.62,576
216624,574
216628,574
216632,576
216636,574
216.64,574
216644,574
216648,584
216652,580
216656,576
216.66,574
216664,252
216668,256
216672,256
216676,256
216.68,250
216684,252
216687,252
216691,252
216695,252
216699,252
216703,252
216707,252
216711,256
216715,256
216719,252
216723,252
216727,252
216731,252
216735,252
216738,252
216743,250
216746,252
216.75,252
216754,256
216758,252
216762,576
216766,492
216.77,252
216774,252
216778,256
216782,256
216786,256
216.79,252
216794,252
216798,252
216802,252
216806,252
216.81,256
216814,252
216818,252
216822,252
216826,250
216.83,252
216834,256
216838,256
216842,252
216846,256
216.85,252
216854,252
216857,250
216861,252
216865,256
216869,252
216874,252
216878,252
216882,252
216885,252
216889,252
216894,252
216898,250
216902,252
216905,256
216.91,256
216914,256
216918,256
216921,252
216925,252
216929,252
216933,256
216937,252
216941,252
216945,252
216949,252
216953,252
216957,252
216961,252
216965,252
216969,566
216973,252
216977,252
216981,252
216985,252
216989,252
216994,252
216998,252
217002,256
217005,256
217.01,252
217014,252
217018,252
217022,252
217026,256
217.03,252
217033,256
217037,256
217041,252
217045,252
217049,256
217053,252
217057,252
217061,250
217065,252
217069,252
217073,252
217077,256
217.08,256
217084,252
217088,252
217092,252
217096,256
217.1,252
217104,256
217108,256
217112,250
217117,252
217.12,252
217124,252
217129,252
217132,252
217137,252
217.14,252
217144,256
217148,252
217152,256
217156,252
217.16,252
217164,252
217168,252
217172,576
217176,252
217.18,252
217184,256
217188,258
217192,252
217195,252
217199,252
217203,252
217207,256
217211,252
217215,256
217219,252
217223,252
217227,252
217231,252
217235,252
217238,252
217242,256
217246,252
217.25,252
217254,256
217258,252
217262,252
217266,256
217.27,252
217274,252
217278,252
217282,262
217286,252
217.29,256
217294,252
217298,252
217302,252
217306,256
217.31,256
217314,252
217318,252
217322,252
217326,252
217.33,252
217334,250
217338,256
217342,252
217346,252
217.35,252
217353,252
217357,252
217361,252
217365,338
217369,252
217373,252
217377,574
217381,314
217385,252
217389,252
217393,252
217397,252
217401,252
217404,252
217408,252
217412,256
217416,252
217.42,262
217424,256
217429,252
217433,252
217437,252
217441,250
217445,252
217448,256
217452,252
217456,252
217.46,252
217464,252
217468,322
217472,318
217476,328
217.48,642
217484,646
217488,576
217492,574
217496,574
217.5,574
217504,580
217507,576
217512,576
217516,574
217.52,574
217524,576
217528,576
217532,580
217536,580
217539,252
217543,252
217547,252
217551,252
217555,252
217559,252
217563,256
217567,252
217571,256
217575,252
217579,252
217583,574
217587,652
217591,576
217595,576
217599,576
217603,576
217607,576
217611,576
217615,576
217619,580
217622,576
217626,576
217.63,576
217634,574
217638,606
217642,580
217646,252
217.65,252
217654,252
217658,252
217662,256
217666,250
217.67,252
217674,256
217678,252
217682,252
217686,256
217689,256
217693,252
217697,252
217701,256
217705,252
217709,252
217713,252
217717,250
217721,252
217725,252
217729,252
217733,252
217737,252
217741,252
217745,250
217749,252
217753,256
217757,252
217761,252
217765,256
217769,252
217774,252
217778,256
217782,252
217786,586
217.79,576
217794,256
217798,252
217801,256
217805,252
217809,252
217813,252
217817,252
217821,252
217825,252
217829,252
217833,256
217837,252
217841,256
217845,252
217848,252
217852,252
217856,252
217.86,256
217864,252
217868,252
217872,252
217876,256
217.88,252
217884,252
217888,252
217892,252
217896,252
217.9,256
217904,256
217908,250
217912,252
217915,256
217919,252
217923,252
217927,252
217931,252
217935,252
217939,252
217943,256
217947,252
217951,252
217955,252
217959,256
217963,252
217966,256
217.97,256
217974,256
217978,252
217982,252
217986,252
217.99,544
217994,566
217999,258
218003,252
218006,256
218.01,252
218014,256
218018,252
218022,252
218026,252
218.03,256
218034,256
218038,256
218042,252
218046,252
218.05,252
218053,252
218057,252
218061,252
218065,256
218069,256
218073,250
218077,252
218081,256
218085,252
218089,252
218093,252
218097,256
218101,252
218105,256
218109,256
218113,252
218117,252
218121,252
218124,256
218129,256
218133,252
218137,256
218141,252
218145,252
218149,256
218153,252
218157,252
218161,256
218165,256
218169,252
218173,252
218177,256
218181,252
218185,252
218188,252
218192,256
218196,574
218.2,268
218204,252
218208,250
218212,252
218216,252
218.22,252
218224,252
218228,252
218232,256
218236,256
218.24,252
218244,252
218247,256
218251,252
218255,256
218259,252
218263,256
218267,252
218271,256
218275,256
218279,252
218283,252
218287,252
218.29,252
218294,252
218298,256
218302,256
218306,252
218.31,252
218314,252
218318,256
218322,252
218326,256
218.33,252
218334,256
218338,252
218342,258
218346,252
218349,256
218353,252
218357,252
218361,252
218365,252
218369,252
218373,252
218377,256
218381,256
218385,252
218389,252
218392,252
218396,252
218.4,574
218404,448
218408,252
218412,252
218416,252
218.42,252
218424,252
218428,252
218432,258
218436,256
218.44,252
218444,252
218448,252
218451,256
218455,252
218459,256
218463,256
218467,252
218471,252
218475,252
218479,252
218483,252
218487,256
218491,256
218495,252
218499,256
218502,256
218506,256
218.51,252
218514,252
218518,252
218523,252
218527,252
218531,252
218534,252
218538,252
218542,258
218546,256
218.55,256
218555,252
218559,256
218562,252
218566,252
218.57,256
218574,256
218578,256
218582,252
218586,250
218.59,252
218594,252
218598,252
218602,256
218606,576
218.61,580
218614,256
218617,266
218621,252
218625,252
218629,252
218633,252
218637,252
218641,256
218645,256
218649,250
218653,252
218657,252
218661,252
218665,252
218668,252
218672,252
218676,252
218.68,252
218684,256
218688,252
218692,252
218696,252
218.7,256
218704,252
218708,252
218712,252
218715,256
218719,252
218723,252
218727,256
218731,252
218735,252
218739,252
218743,256
218747,252
218751,256
218755,252
218759,252
218763,252
218767,250
218.77,252
218774,252
218778,252
218782,256
218786,256
218.79,252
218794,252
218798,252
218802,252
218806,252
218.81,576
218814,566
218818,256
218822,256
218826,252
218.83,256
218834,252
218838,256
218842,256
218846,252
218849,252
218853,252
218857,252
218861,252
218865,252
218869,256
218873,250
218877,252
218881,256
218885,256
218889,256
218893,252
218897,256
218901,252
218905,252
218909,256
218913,256
218917,252
218921,252
218925,256
218929,252
218933,256
218937,256
218941,252
218945,252
218949,252
218952,252
218956,252
218961,252
218964,252
218968,252
218972,252
218976,252
218.98,256
218984,252
218988,252
218992,252
218996,252
219,256
219003,252
219007,256
219011,252
219015,574
219019,268
219023,252
219027,252
219031,252
219035,256
219039,252
219043,252
219047,252
219051,252
219055,252
219058,252
219062,252
219066,252
219071,256
219075,252
219079,252
219082,252
219086,256
219.09,252
219094,256
219098,252
219102,256
219106,256
219.11,252
219114,252
219118,256
219122,252
219126,256
219.13,250
219134,252
219138,252
219141,252
219145,256
219149,256
219153,252
219157,252
219161,250
219165,252
219169,252
219173,256
219177,252
219181,252
219185,252
219189,256
219193,252
219197,252
219201,256
219205,252
219209,252
219213,252
219217,252
219222,576
219225,252
219229,252
219233,252
219237,256
219241,256
219245,256
219249,252
219253,252
219257,252
219261,258
219265,250
219269,252
219273,252
219277,252
219281,256
219285,252
219289,250
219293,252
219297,250
219301,252
219304,256
219308,256
219312,252
219316,252
219.32,258
219324,252
219329,250
219333,252
219336,252
219.34,250
219344,256
219348,258
219352,252
219356,252
219361,252
219364,252
219368,340
219372,256
219376,252
219.38,252
219384,256
219388,256
219392,252
219396,252
219.4,272
219404,252
219408,252
219412,252
219415,252
219419,256
219423,252
219427,566
219431,252
219435,252
219439,252
219443,252
219447,324
219451,322
219455,324
219459,646
219463,646
219467,576
219.47,580
219474,570
219478,574
219483,576
219487,574
219491,574
219495,580
219498,580
219502,580
219506,574
219.51,576
219515,576
219518,252
219523,252
219526,252
219.53,252
219534,256
219538,262
219542,252
219546,252
219.55,256
219554,252
219558,252
219562,256
219566,252
219.57,252
219574,252
219578,252
219582,252
219586,252
219.59,256
219594,256
219597,252
219601,252
219605,278
219.61,252
219613,252
219617,252
219621,252
219625,252
219629,570
219633,570
219637,576
219641,570
219645,596
219649,576
219653,576
219657,580
219661,580
219665,576
219669,576
219673,574
219677,596
219681,576
219685,678
219689,576
219693,256
219697,256
219701,256
219705,252
219709,252
219712,252
219716,252
219.72,252
219724,252
219728,252
219732,252
219736,252
219.74,256
219744,252
219748,252
219752,252
219756,252
219.76,252
219764,256
219768,256
219772,252
219776,256
219.78,252
219784,252
219787,252
219792,252
219796,256
219.8,252
219804,256
219808,256
219812,252
219816,252
219.82,252
219824,252
219828,252
219832,252
219836,574
219.84,252
219844,252
219848,252
219852,256
219856,252
219.86,256
219864,252
219868,252
219872,252
219876,252
219.88,256
219884,252
219888,256
219892,256
219896,252
219899,252
219903,252
219907,256
219911,250
219915,252
219919,252
219923,252
219927,256
219931,256
219935,252
219939,252
219943,252
219947,252
219951,252
219955,256
219959,252
219963,252
219967,256
219971,252
219975,252
219979,252
219983,256
219987,252
219991,252
219995,252
219999,256
220002,252
220006,252
220.01,252
220014,256
220018,252
220022,252
220026,252
220.03,252
220034,252
220038,292
220042,580
220046,252
220.05,252
220054,258
220057,256
220061,256
220065,252
220069,252
220073,252
220077,252
220081,256
220085,256
220089,256
220093,252
220097,252
220101,252
220105,266
220109,252
220113,252
220117,256
220121,256
220125,252
220129,252
220133,252
220137,252
220141,252
220145,252
220149,256
220153,252
220157,252
220161,252
220165,252
220169,252
220173,252
220177,256
220.18,252
220184,252
220188,252
220192,252
220196,256
220.2,252
220204,250
220208,256
220212,256
220216,252
220.22,256
220224,252
220228,256
220232,250
220235,252
220239,252
220243,574
220247,530
220251,252
220256,252
220.26,252
220264,252
220267,252
220271,252
220275,252
220279,252
220283,252
220287,256
220291,252
220295,250
220299,252
220303,252
220307,256
220311,252
220314,256
220318,252
220322,252
220326,256
220.33,256
220334,252
220338,252
220342,252
220346,252
220.35,252
220354,252
220358,256
220362,252
220366,256
220.37,256
220374,252
220377,252
220381,252
220385,252
220389,250
220393,252
220397,256
220401,256
220405,252
220.41,252
220413,252
220417,250
220421,252
220425,256
220429,252
220433,252
220437,256
220441,252
220445,252
220449,574
220453,252
220457,252
220461,252
220465,252
220469,256
220473,256
220477,256
220481,252
220485,252
220489,252
220493,250
220497,252
220501,252
220505,262
220509,252
220512,256
220516,256
220.52,252
220524,252
220528,252
220532,252
220536,250
220.54,252
220544,252
220548,250
220552,252
220556,252
220.56,252
220565,252
220569,256
220573,252
220576,252
220.58,256
220584,256
220588,252
220592,252
220596,262
220.6,252
220604,252
220608,256
220612,252
220616,252
220.62,258
220624,256
220628,256
220632,252
220635,256
220639,252
220644,256
220647,252
220651,256
220655,566
220659,252
220663,252
220667,256
220671,252
220675,252
220679,256
220683,252
220687,252
220691,252
220695,252
220698,252
220702,256
220706,256
220.71,256
220714,252
220718,252
220722,252
220726,250
220.73,252
220734,252
220738,256
220742,252
220746,250
220.75,252
220754,252
220758,252
220762,252
220766,252
220.77,252
220774,256
220778,256
220782,250
220786,252
220.79,252
220793,252
220797,256
220801,252
220805,256
220809,252
220813,256
220817,256
220821,252
220825,256
220829,252
220833,252
220837,252
220841,252
220845,256
220848,256
220853,252
220856,304
220.86,570
220864,252
220868,252
220872,252
220876,252
220.88,252
220884,252
220888,256
220892,256
220896,252
220.9,256
220904,252
220908,256
220912,252
220915,256
220919,256
220923,252
220927,252
220931,256
220935,252
220939,256
220943,252
220947,252
220951,252
220955,252
220958,256
220962,252
220967,250
220.97,256
220974,252
220978,252
220982,252
220986,252
220.99,252
220994,252
220998,252
221002,252
221006,250
221009,252
221014,256
221017,252
221021,252
221025,252
221029,252
221033,252
221037,252
221041,256
221045,252
221049,252
221053,252
221057,252
221061,252
221065,576
221069,256
221073,256
221077,252
221081,252
221085,252
221089,252
221093,252
221097,252
221101,252
221104,256
221109,252
221113,252
221117,256
221121,252
221125,252
221129,252
221133,256
221137,256
221141,252
221145,252
221149,252
221153,252
221157,256
221161,256
221165,256
221169,252
221173,252
221176,256
221181,252
221185,252
221188,252
221193,252
221196,252
221.2,252
221204,256
221208,256
221212,252
221216,252
221.22,252
221224,256
221228,252
221232,256
221236,252
221.24,252
221244,252
221247,252
221251,252
221255,256
221259,256
221263,252
221267,580
221271,584
221275,256
221279,252
221283,252
221287,262
221.29,252
221294,252
221298,252
221302,252
221306,252
221.31,252
221314,252
221318,252
221322,252
221326,250
221.33,258
221334,252
221337,252
221341,256
221345,256
221349,252
221353,250
221357,252
221361,252
221365,252
221369,252
221373,344
221377,252
221381,252
221385,252
221389,252
221393,252
221397,252
221401,252
221405,256
221409,252
221413,250
221416,252
221.42,256
221424,282
221428,322
221432,318
221436,328
221.44,642
221444,580
221448,576
221452,580
221456,574
221.46,580
221463,580
221467,574
221471,630
221475,570
221479,574
221483,574
221487,574
221491,574
221495,252
221499,252
221503,252
221507,256
221511,256
221515,252
221519,252
221523,252
221527,252
221531,252
221535,250
221539,256
221543,252
221547,250
221551,250
221555,252
221559,252
221563,252
221566,252
221.57,252
221574,252
221578,252
221582,252
221586,252
221.59,250
221594,252
221598,252
221602,256
221606,252
221.61,266
221614,252
221617,256
221621,252
221625,252
221629,252
221633,252
221637,256
221641,256
221645,252
221649,252
221653,256
221657,252
221661,252
221665,252
221668,256
221672,252
221676,330
221.68,566
221684,574
221688,574
221692,576
221696,574
221.7,576
221704,576
221708,580
221712,580
221716,576
221.72,576
221724,580
221727,576
221731,576
221735,576
221739,252
221743,256
221747,256
221751,252
221755,252
221759,256
221763,252
221767,252
221.77,256
221774,252
221778,252
221782,252
221786,252
221.79,252
221794,252
221798,252
221802,256
221806,252
221.81,256
221813,256
221817,256
221821,252
221825,252
221829,256
221833,256
221837,252
221841,250
221845,256
221849,252
221853,252
221857,256
221861,252
221865,252
221869,256
221872,256
221877,252
221.88,256
221884,574
221888,252
221892,252
221896,252
221.9,252
221904,252
221908,256
221912,252
221916,252
221.92,256
221924,256
221928,256
221932,252
221936,252
221.94,252
221944,252
221948,252
221952,256
221956,252
221.96,252
221964,252
221968,256
221972,252
221975,252
221979,256
221983,252
221987,250
221991,252
221995,256
221999,252
222003,256
222007,256
222011,252
222015,256
222019,252
222023,256
222027,252
222031,252
222035,256
222039,256
222043,252
222047,252
222051,252
222055,252
222059,252
222063,252
222067,252
222.07,256
222074,256
222079,252
222082,252
222086,574
222.09,574
222094,256
222098,252
222102,256
222106,252
222.11,252
222114,256
222118,256
222122,252
222126,252
222.13,252
222133,252
222137,252
222141,256
222146,256
222149,252
222153,256
222157,256
222161,252
222165,252
222169,252
222173,252
222177,252
222181,256
222185,256
222189,252
222193,256
222197,252
222201,252
222205,252
222209,256
222213,256
222217,252
222221,252
222225,252
222229,252
222232,256
222236,252
222.24,252
222244,252
222248,252
222252,256
222256,252
222.26,252
222264,256
222268,252
222272,252
222276,252
222.28,252
222284,252
222288,252
222292,574
222296,252
222.3,262
222303,252
222307,256
222312,252
222316,252
222.32,256
222324,256
222328,252
222332,250
222335,252
222339,252
222344,252
222348,256
222352,252
222356,256
222359,256
222363,252
222367,252
222371,252
222375,312
222379,252
222383,250
222387,256
222391,272
222395,252
222399,252
222403,252
222407,252
222411,252
222415,252
222419,252
222423,250
222427,252
222431,256
222435,252
222438,252
222442,256
222446,252
222.45,252
222454,252
222458,252
222462,252
222466,252
222.47,256
222474,256
222478,252
222482,252
222486,256
222.49,252
222494,252
222498,580
222502,252
222506,252
222.51,256
222514,256
222518,252
222522,252
222526,252
222.53,262
222534,252
222537,252
222542,256
222545,252
222549,250
222553,252
222557,252
222561,252
222565,252
222569,256
222573,252
222577,256
222581,252
222584,256
222588,252
222592,252
222596,252
222.6,252
222604,250
222608,252
222612,256
222616,252
222.62,252
222624,252
222628,252
222632,252
222636,256
222.64,256
222644,256
222648,252
222652,252
222656,252
222.66,252
222664,252
222668,262
222672,252
222676,252
222.68,250
222684,252
222688,252
222692,256
222696,252
222.7,258
222704,584
222708,256
222712,250
222716,256
222719,252
222724,252
222728,252
222732,256
222736,256
222.74,252
222744,252
222748,252
222752,252
222756,252
222.76,256
222764,252
222767,252
222771,252
222776,252
222.78,256
222784,252
222788,256
222792,252
222796,252
222.8,252
222804,252
222808,252
222812,252
222816,252
222.82,252
222824,256
222828,252
222832,252
222836,252
222.84,252
222844,252
222848,250
222852,256
222856,268
222.86,252
222864,256
222867,252
222871,256
222875,256
222879,250
222883,252
222887,252
222891,252
222895,256
222899,252
222903,252
222907,576
222911,272
222915,252
222918,252
222922,252
222926,252
222931,252
222934,252
222938,252
222942,252
222946,252
222.95,252
222954,252
222958,256
222962,256
222966,252
222.97,256
222974,252
222978,256
222982,250
222986,252
222.99,256
222994,252
222998,252
223001,256
223006,252
223009,252
223013,252
223017,250
223021,256
223025,252
223029,252
223033,252
223037,252
223041,252
223045,256
223049,250
223053,252
223057,252
223061,252
223065,252
223069,252
223073,256
223077,252
223081,252
223085,252
223089,252
223093,252
223097,256
223101,252
223105,252
223109,252
223113,576
223117,252
223121,252
223125,256
223129,252
223133,250
223137,256
223141,256
223145,250
223148,252
223152,250
223156,252
223.16,252
223164,252
223168,256
223172,252
223176,252
223.18,250
223184,252
223188,252
223192,252
223196,252
223199,252
223203,252
223207,256
223211,252
223215,252
223219,252
223223,256
223227,250
223231,252
223235,252
223239,252
223243,252
223247,256
223251,252
223255,252
223259,252
223263,250
223266,252
223271,252
223275,256
223279,252
223283,252
223287,252
223291,256
223295,256
223299,252
223303,252
223307,252
223311,258
223315,412
223319,580
223323,252
223327,256
223331,252
223334,252
223338,252
223342,252
223346,252
223.35,252
223354,252
223358,256
223362,252
223366,252
223.37,252
223374,252
223378,252
223381,252
223385,252
223389,252
223394,256
223398,256
223402,256
223406,322
223.41,324
223414,324
223418,646
223422,570
223426,580
223.43,576
223434,574
223437,574
223441,576
223445,576
223449,576
223453,580
223457,576
223461,576
223465,576
223469,576
223473,252
223477,252
223481,252
223485,256
223489,252
223493,252
223496,266
223.5,252
223504,252
223508,252
223512,252
223516,252
223.52,580
223524,576
223528,566
223532,252
223536,258
223.54,256
223544,252
223548,252
223552,252
223556,252
223.56,252
223564,256
223568,256
223572,252
223576,252
223.58,252
223584,252
223588,252
223592,256
223596,252
223.6,252
223604,252
223608,256
223612,252
223616,256
223.62,256
223624,252
223628,252
223632,250
223636,252
223.64,252
223644,252
223648,252
223652,252
223656,252
223.66,256
223664,250
223667,252
223671,252
223675,252
223679,256
223683,252
223687,258
223691,258
223695,256
223699,252
223703,252
223707,252
223711,252
223715,252
223719,252
223723,256
223727,576
223731,580
223735,638
223739,576
223743,574
223747,574
223751,580
223755,574
223759,576
223763,580
223767,580
223771,576
223775,576
223779,576
223783,584
223786,576
223.79,576
223794,252
223798,252
223802,252
223806,256
223.81,256
223814,256
223818,252
223822,252
223826,252
223.83,252
223834,252
223838,258
223842,252
223846,252
223849,256
223853,256
223857,252
223861,252
223865,256
223869,252
223873,252
223877,252
223881,252
223885,252
223889,252
223893,256
223896,252
223.9,252
223904,252
223908,252
223912,252
223916,256
223.92,256
223924,256
223928,252
223932,570
223936,252
223.94,252
223944,256
223948,252
223952,258
223956,256
223.96,256
223964,256
223967,252
223971,256
223975,252
223979,250
223983,252
223987,252
223991,256
223995,256
223999,252
224003,252
224006,252
224.01,252
224014,252
224018,252
224023,256
224027,252
224031,252
224035,252
224039,252
224043,252
224047,252
224.05,252
224054,252
224058,256
224062,256
224066,252
224.07,252
224074,252
224078,252
224082,252
224086,256
224.09,252
224094,256
224098,250
224102,256
224106,252
224.11,256
224114,252
224118,252
224122,252
224126,256
224131,252
224135,574
224139,252
224142,252
224146,252
224.15,256
224154,252
224158,252
224162,252
224166,256
224.17,252
224174,252
224178,252
224182,252
224186,252
224.19,252
224194,256
224198,252
224202,252
224206,252
224.21,252
224214,252
224217,252
224221,252
224225,252
224229,252
224233,256
224237,256
224241,252
224245,252
224249,252
224253,252
224257,252
224261,252
224265,256
224268,252
224273,256
224277,252
224281,252
224285,252
224289,256
224293,256
224296,252
224.3,252
224304,256
224308,252
224312,252
224316,252
224.32,256
224324,262
224328,256
224332,252
224336,256
224.34,600
224343,380
224348,256
224352,252
224356,252
224.36,252
224363,250
224367,256
224371,252
224375,252
224379,340
224383,252
224387,256
224391,256
224395,252
224399,252
224403,252
224407,252
224411,256
224415,252
224418,252
224423,252
224427,256
224431,256
224435,252
224439,252
224442,252
224446,256
224.45,252
224454,252
224458,256
224462,258
224466,250
224.47,256
224474,252
224478,252
224482,252
224486,252
224.49,252
224494,252
224498,256
224502,252
224506,252
224.51,252
224514,252
224518,256
224522,252
224526,256
224.53,252
224534,256
224538,256
224542,252
224546,574
224.55,256
224554,252
224558,252
224562,256
224565,256
224569,252
224573,252
224577,252
224581,252
224585,252
224589,252
224593,258
224597,252
224601,258
224605,276
224609,252
224613,252
224617,252
224621,252
224624,252
224628,252
224632,256
224636,256
224.64,256
224644,252
224648,252
224652,252
224656,252
224.66,252
224664,256
224667,252
224671,252
224675,252
224679,256
224683,252
224687,252
224691,252
224695,256
224699,252
224703,252
224707,256
224711,252
224715,252
224718,252
224723,252
224726,252
224.73,252
224734,252
224738,256
224742,256
224746,252
224.75,576
224754,252
224758,252
224762,252
224765,252
224769,256
224773,252
224777,252
224781,252
224785,252
224789,252
224793,256
224797,256
224801,252
224805,256
224809,250
224813,252
224817,252
224821,252
224825,252
224828,252
224832,252
224836,256
224.84,252
224844,252
224848,256
224852,252
224856,252
224.86,252
224864,256
224868,256
224872,250
224876,256
224879,256
224883,252
224888,252
224892,252
224896,252
224.9,252
224904,256
224907,256
224911,252
224915,252
224919,250
224923,252
224927,252
224931,256
224935,252
224939,252
224943,252
224947,256
224951,252
224955,574
224959,324
224963,252
224966,252
224.97,256
224974,256
224978,252
224982,252
224986,252
224.99,252
224994,252
224998,252
225002,256
225006,252
225.01,252
225014,256
225017,256
225021,252
225026,252
225029,252
225033,252
225037,252
225041,252
225045,252
225049,252
225053,250
225057,256
225061,252
225065,252
225069,252
225073,252
225077,252
225081,252
225084,256
225088,252
225092,252
225096,252
225.1,252
225104,252
225108,252
225112,252
225116,252
225.12,252
225124,256
225128,256
225132,252
225137,252
225.14,256
225144,252
225148,252
225152,252
225156,252
225.16,574
225163,360
225167,252
225171,250
225176,256
225179,252
225183,256
225187,252
225191,252
225195,252
225199,252
225203,252
225207,256
225211,252
225215,252
225219,252
225223,252
225227,252
225231,250
225235,256
225239,252
225242,252
225246,256
225.25,252
225254,252
225258,256
225262,252
225266,252
225.27,252
225274,252
225278,252
225282,252
225286,256
225.29,256
225294,252
225298,252
225302,256
225306,252
225.31,252
225314,252
225318,252
225322,252
225326,256
225.33,252
225334,252
225338,252
225342,256
225346,252
225.35,256
225354,256
225358,252
225362,252
225366,570
225.37,252
225373,252
225377,252
225381,318
225385,322
225389,322
225393,324
225397,646
225401,574
225405,586
225409,576
225413,574
225417,576
225421,580
225425,576
225429,600
225433,576
225437,574
225441,576
225444,574
225448,576
225453,252
225457,256
225461,256
225465,252
225469,252
225473,252
225477,250
225481,252
225485,258
225489,252
225493,256
225497,256
225501,252
225505,252
225509,252
225513,256
225517,252
225521,252
225524,252
225528,256
225532,252
225536,252
225.54,252
225544,252
225548,252
225552,252
225556,256
225.56,252
225564,252
225567,596
225571,570
225575,576
225579,574
225583,580
225587,576
225591,576
225595,574
225599,580
225603,576
225608,574
225612,576
225615,576
225619,576
225623,574
225627,576
225631,252
225635,252
225639,252
225643,256
225648,256
225652,256
225656,250
225.66,258
225663,252
225667,252
225671,252
225675,252
225679,252
225683,256
225687,252
225691,256
225695,256
225699,252
225703,252
225707,256
225711,256
225715,252
225719,256
225723,252
225727,252
225.73,256
225735,256
225738,252
225742,252
225746,252
225.75,252
225754,252
225758,256
225762,252
225766,252
225.77,252
225774,574
225778,376
225782,252
225786,252
225.79,252
225794,252
225798,256
225802,252
225806,256
225.81,252
225814,252
225818,252
225822,252
225826,252
225.83,256
225833,252
225837,252
225841,252
225845,252
225.85,252
225854,252
225857,252
225862,252
225865,256
225869,252
225873,252
225877,256
225881,252
225885,252
225889,256
225893,256
225897,252
225901,256
225905,256
225909,256
225913,252
225917,252
225921,252
225925,252
225929,252
225933,252
225937,252
225941,252
225945,252
225949,252
225953,252
225957,252
225961,256
225965,252
225968,252
225972,256
225976,330
225.98,570
225984,252
225988,250
225992,252
225996,252
226,256
226004,252
226008,252
226012,252
226016,252
226.02,252
226024,252
226027,256
226031,256
226035,252
226039,252
226043,252
226048,252
226052,256
226056,256
226059,256
226063,252
226067,252
226072,252
226076,252
226.08,250
226083,252
226087,252
226091,252
226095,252
226099,256
226103,252
226107,252
226111,252
226115,252
226119,252
226123,252
226127,252
226131,252
226135,256
226139,256
226143,252
226146,252
226.15,252
226154,252
226158,252
226162,252
226166,252
226.17,252
226174,252
226178,256
226182,252
226186,564
226.19,252
226194,256
226197,252
226201,252
226205,252
226209,256
226213,252
226217,252
226221,252
226225,252
226229,252
226233,256
226237,256
226241,252
226245,252
226249,252
226253,252
226257,258
226261,256
226265,252
226269,252
226273,252
226277,256
226281,252
226285,252
226289,252
226293,250
226296,252
226.3,252
226304,252
226308,256
226312,252
226316,256
226.32,252
226324,256
226328,252
226332,252
226336,250
226.34,252
226344,256
226348,252
226351,252
226355,252
226359,256
226363,252
226367,252
226371,252
226375,252
226379,252
226383,256
226387,606
226391,574
226395,272
226399,252
226403,252
226407,252
226411,256
226415,256
226419,256
226423,252
226427,256
226431,256
226435,252
226439,252
226443,252
226446,252
226.45,252
226454,256
226458,252
226462,252
226466,252
226.47,252
226474,252
226478,256
226482,256
226486,250
226.49,256
226493,252
226497,256
226501,252
226505,250
226509,252
226513,252
226517,252
226521,252
226525,252
226529,256
226533,258
226537,250
226541,252
226545,252
226549,252
226553,252
226557,252
226561,256
226566,252
226569,252
226573,252
226577,252
226581,252
226585,252
226589,256
226593,574
226598,252
226602,252
226606,256
226609,252
226613,256
226617,256
226621,252
226625,252
226629,252
226633,252
226637,252
226641,252
226645,256
226649,252
226653,252
226656,256
226661,256
226664,256
226668,252
226673,252
226676,252
226.68,252
226685,256
226689,252
226693,252
226697,252
226701,252
226704,252
226708,252
226712,256
226716,256
226721,252
226725,256
226728,252
226732,252
226736,252
226.74,256
226744,250
226748,250
226752,256
226756,250
226.76,252
226764,252
226768,252
226772,252
226776,252
226.78,256
226783,256
226787,252
226791,256
226795,256
226799,566
226803,252
226807,252
226811,250
226815,252
226819,252
226823,256
226827,252
226831,252
226834,256
226838,252
226842,252
226846,252
226.85,252
226854,252
226858,252
226862,256
226866,256
226.87,252
226874,252
226878,250
226881,252
226885,252
226889,252
226893,252
226897,252
226901,252
226905,256
226909,252
226913,252
226917,256
226921,252
226925,252
226929,252
226933,256
226936,256
226.94,252
226944,252
226948,252
226952,252
226956,256
226.96,252
226964,256
226968,252
226972,250
226976,256
226.98,252
226984,252
226987,252
226992,252
226995,252
226999,252
227003,574
227007,256
227011,256
227015,252
227019,256
227023,252
227027,256
227031,252
227035,256
227039,256
227043,252
227046,252
227.05,252
227054,252
227058,252
227062,252
227066,252
227.07,252
227074,252
227078,256
227082,252
227086,252
227.09,252
227094,252
227098,252
227102,256
227106,252
227.11,252
227114,252
227118,252
227122,252
227126,250
227.13,252
227134,252
227138,252
227142,252
227146,252
227.15,252
227154,252
227158,252
227161,252
227165,252
227169,252
227174,250
227178,252
227181,256
227185,252
227189,252
227193,252
227197,256
227201,252
227205,252
227209,566
227213,256
227217,252
227221,252
227225,252
227229,252
227233,252
227237,252
227.24,252
227244,252
227248,252
227252,256
227256,250
227.26,252
227264,252
227268,256
227272,250
227276,256
227279,256
227283,258
227287,252
227291,256
227295,252
227299,256
227303,252
227307,252
227311,256
227315,258
227319,252
227323,252
227327,252
227331,252
227334,252
227338,252
227342,252
227346,252
227.35,252
227354,256
227358,256
227362,276
227366,322
227.37,318
227374,322
227377,642
227381,580
227385,666
227389,574
227393,574
227397,574
227401,584
227405,580
227409,600
227413,574
227417,574
227421,576
227425,610
227429,574
227433,252
227436,252
227.44,252
227444,252
227448,252
227452,256
227456,256
227.46,252
227464,252
227468,252
227472,252
227476,252
227.48,252
227484,252
227488,252
227492,256
227496,252
227.5,252
227504,252
227508,252
227512,252
227516,252
227.52,252
227524,252
227528,252
227532,252
227536,252
227.54,252
227544,252
227547,256
227551,256
227555,252
227559,252
227563,256
227567,252
227571,256
227575,252
227579,252
227583,252
227587,252
227.59,252
227595,256
227598,252
227602,252
227606,252
227.61,252
227614,252
227618,580
227622,574
227626,574
227.63,576
227634,576
227638,574
227642,574
227646,600
227.65,576
227654,574
227658,576
227662,580
227666,574
227669,576
227673,574
227677,576
227681,252
227685,256
227689,256
227693,252
227697,252
227701,256
227705,252
227709,256
227713,256
227717,252
227721,252
227725,252
227729,256
227733,252
227736,252
227.74,256
227744,252
227748,252
227752,252
227756,252
227.76,252
227764,252
227768,256
227772,250
227776,256
227.78,252
227784,256
227787,252
227791,256
227795,252
227799,252
227803,256
227807,252
227811,256
227815,252
227819,256
227823,570
227827,566
227831,252
227835,256
227839,256
227842,256
227846,252
227.85,252
227854,252
227858,252
227862,252
227866,252
227.87,256
227874,252
227878,252
227882,252
227886,252
227.89,252
227894,252
227898,252
227902,252
227906,256
227.91,256
227914,252
227918,252
227922,252
227926,252
227.93,256
227933,252
227937,252
227941,252
227945,252
227949,256
227953,256
227957,252
227961,252
227965,252
227969,252
227973,252
227977,256
227981,256
227984,252
227989,252
227992,252
227996,252
228,256
228004,256
228008,256
228012,252
228016,252
228.02,256
228024,256
228028,570
228032,252
228035,252
228039,252
228043,252
228047,256
228051,256
228055,252
228059,256
228063,252
228067,252
228071,252
228075,252
228079,256
228083,252
228087,252
228091,252
228095,256
228099,252
228103,252
228106,256
228.11,252
228114,252
228118,252
228122,252
228126,252
228.13,252
228134,252
228138,252
228142,252
228146,256
228.15,256
228154,252
228158,252
228162,252
228166,250
228.17,252
228174,256
228178,256
228182,252
228185,252
228189,252
228193,252
228198,252
228202,256
228206,252
228.21,252
228213,252
228217,256
228221,252
228225,252
228229,564
228233,566
228237,252
228241,252
228245,256
228249,252
228253,252
228257,252
228261,252
228265,252
228269,252
228272,256
228276,252
228281,252
228285,252
228289,252
228293,250
228297,256
228301,252
228305,252
228309,256
228313,252
228317,252
228321,256
228325,256
228329,252
228333,252
228337,252
228341,252
228345,252
228349,252
228352,252
228357,252
228.36,252
228364,256
228368,256
228372,252
228376,252
228.38,252
228384,252
228388,252
228392,252
228396,252
228.4,256
228404,252
228408,256
228412,252
228415,252
228419,252
228423,252
228427,252
228431,252
228436,574
228.44,266
228443,256
228447,252
228451,252
228455,252
228459,256
228463,252
228467,252
228471,256
228475,252
228479,252
228483,256
228487,252
228491,252
228495,252
228499,256
228503,256
228507,252
228511,252
228515,252
228519,252
228522,252
228526,252
228.53,252
228534,252
228538,252
228542,252
228546,252
228.55,252
228554,252
228558,252
228562,252
228566,256
228.57,256
228573,252
228577,252
228581,252
228585,252
228.59,252
228594,252
228598,252
228602,252
228606,252
228.61,252
228614,256
228617,252
228622,252
228626,252
228.63,252
228633,252
228637,256
228641,576
228645,252
228649,256
228653,256
228657,252
228661,252
228665,256
228669,252
228673,256
228677,252
228681,256
228685,252
228689,256
228693,256
228696,256
